"","Df","AIC","BIC","Chisq","Chisq diff","Df diff","Pr(>Chisq)"
"configural.a2",792,46694.257552866,48335.9157162254,2226.08572410283,NA,NA,NA
"weak.a2",867,46739.781373939,48021.4267821757,2421.6095451758,195.523821072975,75,1.07038813273691e-12
"strong.a2",942,46937.4134959082,47859.0461490222,2769.24166714505,347.632121969249,75,1.05754823383497e-36
"strict.a2",1032,46976.2606589342,47465.878005901,2988.08883017099,218.847163025942,90,9.84839233232231e-13
