"","Df","AIC","BIC","Chisq","Chisq diff","RMSEA","Df diff","Pr(>Chisq)"
"configural.s",528,13616.2855059422,14423.6935942383,1087.89650597375,NA,NA,NA,NA
"weak.s",573,13588.3873109903,14236.4385397543,1149.99831102193,62.1018050481703,0.0772101905477292,45,0.0461977254066256
"strong.s",618,13546.5079718965,14035.2023411283,1198.11897192807,48.1206609061446,0.0329819963097034,45,0.347681746258766
"strict.s",672,13521.2763122317,13818.742450025,1280.88731226333,82.7683403352571,0.0914156242916676,54,0.00712922476493542
