"","Df","AIC","BIC","Chisq","Chisq diff","RMSEA","Df diff","Pr(>Chisq)"
"configural.s",528,13616.2855059422,14423.6935942383,1087.89650597375,NA,NA,NA,NA
"weak.s",573,13588.387311317,14236.438540081,1149.99831134865,62.1018053748921,0.0772101912852612,45,0.046197722712483
"strong.s",618,13546.5079720753,14035.2023413072,1198.1189721069,48.1206607582546,0.0329819955281852,45,0.347681751760964
"strict.s",672,13521.2763124103,13818.7424502037,1280.88731244194,82.7683403350422,0.0914156242913262,54,0.00712922476524466
