"","Df","AIC","BIC","Chisq","Chisq diff","Df diff","Pr(>Chisq)"
"configural.s",528,13616.2855059422,14423.6935942383,1087.89650597375,NA,NA,NA
"weak.s",573,13588.3873110364,14236.4385398004,1149.99831106798,62.1018050942271,45,0.0461977250268419
"strong.s",618,13546.5079716586,14035.2023408905,1198.11897169024,48.120660622254,45,0.347681756820822
"strict.s",672,13521.2763125524,13818.7424503457,1280.88731258399,82.7683408937517,54,0.00712922396114343
