"","Df","AIC","BIC","Chisq","Chisq diff","RMSEA","Df diff","Pr(>Chisq)"
"configural.a2",792,46694.2575529976,48335.915716357,2226.08572423443,NA,NA,NA,NA
"weak.a2",867,46713.8480362104,47995.493444447,2395.67620744719,169.590483212758,0.0917974351810206,75,2.78251736839758e-09
"strong.a2",942,46905.2691225731,47826.9017756872,2737.09729380996,341.42108636277,0.154060435994375,75,1.22828034079145e-35
"strict.a2",1032,46946.3796836935,47435.9970306603,2958.20785493032,221.110561120354,0.0986586208522839,90,4.9619198261623e-13
