"","Df","AIC","BIC","Chisq","Chisq diff","Df diff","Pr(>Chisq)"
"configural.a2",792,46694.257552866,48335.9157162254,2226.08572410283,NA,NA,NA
"weak.a2",867,46713.848036102,47995.4934443386,2395.67620733878,169.590483235957,75,2.78251734974641e-09
"strong.a2",942,46905.2691228993,47826.9017760133,2737.09729413609,341.421086797302,75,1.22828013056926e-35
"strict.a2",1032,46946.37968401,47435.9970309768,2958.20785524679,221.110561110705,90,4.96191984071138e-13
