"","Df","AIC","BIC","Chisq","Chisq diff","RMSEA","Df diff","Pr(>Chisq)"
"configural.a",528,13645.9763876011,14453.3844758972,1117.58738763268,NA,NA,NA,NA
"weak.a",573,13614.4517702285,14262.5029989925,1176.06277026008,58.4753826274002,0.0685368596722544,45,0.0856641531301424
"strong.a",618,13569.481641126,14058.1760103578,1221.09264115758,45.0298708975029,0.00322684261945922,45,0.470707886743088
"strict.a",672,13538.3517175848,13835.8178553781,1297.96271761637,76.8700764587884,0.0815073613345308,54,0.0221208262290315
