"","Df","AIC","BIC","Chisq","Chisq diff","RMSEA","Df diff","Pr(>Chisq)"
"configural.a",528,13645.9763876011,14453.3844758972,1117.58738763266,NA,NA,NA,NA
"weak.a",573,13614.4517702105,14262.5029989745,1176.06277024215,58.4753826094855,0.0685368596266964,45,0.0856641533785139
"strong.a",618,13569.4816411306,14058.1760103625,1221.09264116223,45.0298709200811,0.00322684383897907,45,0.470707885797766
"strict.a",672,13538.3517175536,13835.8178553469,1297.96271758521,76.8700764229816,0.0815073612707243,54,0.022120826372945
